{
	"format_version": "1.8.0",
	"animations": {
		"animation.whimsicott.ground_idle": {
			"loop": true,
			"bones": {
				"ear_right": {
					"rotation": [0, 0, "Math.cos((query.anim_time) * 90 * 2) * 3"]
				},
				"ear_left": {
					"rotation": [0, 0, "Math.cos((query.anim_time+0.15) * 90 * 2) * -3"]
				},
				"body": {
					"rotation": [0, 0, "Math.cos((query.anim_time) * 90 * 1) * 1"],
					"position": ["Math.cos((query.anim_time) * 90 * 0.7) * 1", "3+Math.cos((query.anim_time+0.15) * 90 * 0.5) * 3", 0]
				},
				"leg_right": {
					"rotation": ["0+Math.cos((query.anim_time) * 90 * 2) * 1", 0, 0]
				},
				"leg_left": {
					"rotation": ["0+Math.cos((query.anim_time) * 90 * 2) * 1", 0, 0]
				},
				"arm_right": {
					"rotation": [0, 0, "12.5+Math.cos((query.anim_time+0.05) * 90 * 2) * -5"]
				},
				"arm_left": {
					"rotation": [0, 0, "-15+Math.cos((query.anim_time) * 90 * 2) * 5"]
				},
				"head": {
					"rotation": [0, 0, 0],
					"position": [0, 0, 0]
				},
				"hair": {
					"rotation": ["7.5+Math.cos((query.anim_time) * 90 * 0.7) * 1", 0, 0]
				},
				"eyelid_right": {
					"position": [0, 0, 1]
				},
				"eyelid_left": {
					"position": [0, 0, 1]
				},
				"bangs": {
					"rotation": ["10+Math.cos((query.anim_time+0.5) * 90 * 0.5) * 5", 0, 0]
				}
			}
		},
		"animation.whimsicott.air_idle": {
			"loop": true,
			"bones": {
				"ear_right": {
					"rotation": [0, 0, "Math.cos((query.anim_time) * 90 * 2) * 3"]
				},
				"ear_left": {
					"rotation": [0, 0, "Math.cos((query.anim_time+0.15) * 90 * 2) * -3"]
				},
				"body": {
					"rotation": [0, 0, "Math.cos((query.anim_time) * 90 * 1) * 1"],
					"position": ["Math.cos((query.anim_time) * 90 * 0.7) * 1", "3+Math.cos((query.anim_time+0.15) * 90 * 0.5) * 3", 0]
				},
				"leg_right": {
					"rotation": ["0+Math.cos((query.anim_time) * 90 * 2) * 1", 0, 0]
				},
				"leg_left": {
					"rotation": ["0+Math.cos((query.anim_time) * 90 * 2) * 1", 0, 0]
				},
				"arm_right": {
					"rotation": [0, 0, "12.5+Math.cos((query.anim_time+0.05) * 90 * 2) * -5"]
				},
				"arm_left": {
					"rotation": [0, 0, "-15+Math.cos((query.anim_time) * 90 * 2) * 5"]
				},
				"head": {
					"rotation": [0, 0, 0],
					"position": [0, 0, 0]
				},
				"hair": {
					"rotation": ["7.5+Math.cos((query.anim_time) * 90 * 0.7) * 1", 0, 0]
				},
				"eyelid_right": {
					"position": [0, 0, 1]
				},
				"eyelid_left": {
					"position": [0, 0, 1]
				},
				"bangs": {
					"rotation": ["10+Math.cos((query.anim_time+0.5) * 90 * 0.5) * 5", 0, 0]
				}
			}
		},
		"animation.whimsicott.air_fly": {
			"loop": true,
			"bones": {
				"ear_right": {
					"rotation": [0, 0, "Math.cos((query.anim_time) * 90 * 2) * 3"]
				},
				"ear_left": {
					"rotation": [0, 0, "Math.cos((query.anim_time+0.15) * 90 * 2) * -3"]
				},
				"body": {
					"rotation": ["Math.cos((query.anim_time) * 90 * 1) * 5", 0, "Math.cos((query.anim_time) * 90 * 1) * 1"],
					"position": ["Math.cos((query.anim_time) * 90 * 0.7) * 1", "3+Math.cos((query.anim_time+0.15) * 90 * 0.5) * 3", 0]
				},
				"leg_right": {
					"rotation": ["0+Math.cos((query.anim_time) * 90 * 2) * 1", 0, 0]
				},
				"leg_left": {
					"rotation": ["0+Math.cos((query.anim_time) * 90 * 2) * 1", 0, 0]
				},
				"arm_right": {
					"rotation": [0, 0, "12.5+Math.cos((query.anim_time+0.05) * 90 * 2) * -5"]
				},
				"arm_left": {
					"rotation": [0, 0, "-15+Math.cos((query.anim_time) * 90 * 2) * 5"]
				},
				"head": {
					"rotation": [0, 0, 0],
					"position": [0, 0, 0]
				},
				"hair": {
					"rotation": ["7.5+Math.cos((query.anim_time) * 90 * 0.7) * 1", 0, 0]
				},
				"eyelid_right": {
					"position": [0, 0, 1]
				},
				"eyelid_left": {
					"position": [0, 0, 1]
				},
				"bangs": {
					"rotation": ["10+Math.cos((query.anim_time+0.5) * 90 * 0.5) * 5", 0, 0]
				}
			}
		},
		"animation.whimsicott.blink": {
			"animation_length": 0.29167,
			"bones": {
				"eyelid_right": {
					"position": {
						"0.0": [0, 0, 0],
						"0.2083": [0, 0, 0],
						"0.2917": [0, 0, 1]
					}
				},
				"eyelid_left": {
					"position": {
						"0.0": [0, 0, 0],
						"0.2083": [0, 0, 0],
						"0.2917": [0, 0, 1]
					}
				}
			}
		},
		"animation.whimsicott.twirl": {
			"loop": true,
			"bones": {
				"body": {
					"rotation": [0, "math.sin(query.anim_time*90*0.05) * 360", 0]
				}
			}
		}
	}
}