{
	"format_version": "1.12.0",
	"minecraft:geometry": [
		{
			"description": {
				"identifier": "geometry.unknown",
				"texture_width": 64,
				"texture_height": 64,
				"visible_bounds_width": 3,
				"visible_bounds_height": 2.5,
				"visible_bounds_offset": [0, 0.75, 0]
			},
			"bones": [
				{
					"name": "bone",
					"pivot": [0, 0, 0]
				},
				{
					"name": "body",
					"parent": "bone",
					"pivot": [0, 1, 0],
					"cubes": [
						{"origin": [-4, 1, -4], "size": [8, 8, 8], "uv": [0, 12]},
						{"origin": [-5, 0.75, -3.75], "size": [10, 2, 8], "uv": [24, 20]},
						{"origin": [-5, 1.75, 0], "size": [10, 7, 6], "inflate": -0.01, "uv": [0, 30]},
						{"origin": [-5, 6.75, -4.5], "size": [10, 3, 9], "uv": [0, 0]},
						{"origin": [-3, 4.75, -4.51], "size": [6, 5, 0], "pivot": [0, 9.75, -4.5], "rotation": [-40, 0, 0], "uv": [26, 30]},
						{"origin": [-2, 0.5, -5.5], "size": [4, 3, 2], "uv": [32, 35]},
						{"origin": [-4.75, 1, -5.25], "size": [3, 2, 2], "inflate": 0.1, "uv": [42, 11]},
						{"origin": [1.75, 1, -5.25], "size": [3, 2, 2], "inflate": 0.1, "uv": [32, 40]}
					]
				},
				{
					"name": "ear_right",
					"parent": "body",
					"pivot": [4, 7, 0],
					"cubes": [
						{"origin": [4, 6, -1], "size": [4, 1, 2], "uv": [38, 30]}
					]
				},
				{
					"name": "ear_right2",
					"parent": "ear_right",
					"pivot": [5, 6.5, 0],
					"cubes": [
						{"origin": [5, 6.5, -4], "size": [9, 0, 4], "pivot": [7, 6.5, 0], "rotation": [17.5, 0, 0], "uv": [25, 4]},
						{"origin": [5, 6.5, 0], "size": [9, 0, 4], "pivot": [5, 6.5, 0], "rotation": [-25, 0, 0], "uv": [25, 0]}
					]
				},
				{
					"name": "ear_left",
					"parent": "body",
					"pivot": [-4, 7, 0],
					"cubes": [
						{"origin": [-7.69465, 6.00777, -1], "size": [4, 1, 2], "uv": [38, 8]}
					]
				},
				{
					"name": "ear_left2",
					"parent": "ear_left",
					"pivot": [-4.69465, 6.75777, 0],
					"cubes": [
						{"origin": [-13.69465, 6.50777, -4], "size": [9, 0, 4], "pivot": [-6.69465, 6.50777, 0], "rotation": [17.5, 0, 0], "uv": [20, 16]},
						{"origin": [-13.69465, 6.50777, 0], "size": [9, 0, 4], "pivot": [-4.69465, 6.50777, 0], "rotation": [-25, 0, 0], "uv": [20, 12]}
					]
				},
				{
					"name": "eye_right",
					"parent": "body",
					"pivot": [0, 1, 0],
					"cubes": [
						{"origin": [1, 3.25, -4.01], "size": [2, 3, 0], "uv": [4, 12]}
					]
				},
				{
					"name": "eyelid_right",
					"parent": "eye_right",
					"pivot": [0, 1, 0],
					"cubes": [
						{"origin": [1, 3.25, -4.01], "size": [2, 3, 1], "inflate": 0.01, "uv": [0, 4]}
					]
				},
				{
					"name": "eye_left",
					"parent": "body",
					"pivot": [0, 1, 0],
					"cubes": [
						{"origin": [-3, 3.25, -4.01], "size": [2, 3, 0], "uv": [0, 12]}
					]
				},
				{
					"name": "eyelid_left",
					"parent": "eye_left",
					"pivot": [0, 1, 0],
					"cubes": [
						{"origin": [-3, 3.25, -4.01], "size": [2, 3, 1], "inflate": 0.01, "uv": [0, 0]}
					]
				}
			]
		}
	]
}