{
	"format_version": "1.12.0",
	"minecraft:geometry": [
		{
			"description": {
				"identifier": "geometry.unknown",
				"texture_width": 96,
				"texture_height": 96,
				"visible_bounds_width": 4,
				"visible_bounds_height": 3.5,
				"visible_bounds_offset": [0, 1.25, 0]
			},
			"bones": [
				{
					"name": "bone",
					"pivot": [0, 0, 0]
				},
				{
					"name": "body",
					"parent": "bone",
					"pivot": [0, 0, 0],
					"cubes": [
						{"origin": [-6.01, 4.01, -2.24], "size": [12, 14, 11], "inflate": -0.01, "uv": [0, 0]},
						{"origin": [-4, 14, -2], "size": [8, 6, 8], "uv": [0, 45]}
					]
				},
				{
					"name": "arm_right",
					"parent": "body",
					"pivot": [6, 18, 0],
					"cubes": [
						{"origin": [5.99, 15.01, 1.76], "size": [5, 3, 3], "inflate": -0.01, "uv": [46, 8]}
					]
				},
				{
					"name": "arm_right2",
					"parent": "arm_right",
					"pivot": [0, 0, 0],
					"cubes": [
						{"origin": [10.99, 14.51, 1.26], "size": [7, 4, 4], "inflate": -0.01, "uv": [63, 4]}
					]
				},
				{
					"name": "fingers_right",
					"parent": "arm_right2",
					"pivot": [18, 18.5, 3.25],
					"cubes": [
						{"origin": [17.99, 17.51, 1.26], "size": [2, 1, 4], "inflate": -0.01, "uv": [58, 30]}
					]
				},
				{
					"name": "arm_left",
					"parent": "body",
					"pivot": [-6, 18, 0],
					"cubes": [
						{"origin": [-10.99, 15.01, 1.76], "size": [5, 3, 3], "inflate": -0.01, "uv": [34, 29]}
					]
				},
				{
					"name": "arm_left2",
					"parent": "arm_left",
					"pivot": [0, 0, 0],
					"cubes": [
						{"origin": [-17.99, 14.51, 1.26], "size": [7, 4, 4], "inflate": -0.01, "uv": [0, 59]}
					]
				},
				{
					"name": "fingers_left",
					"parent": "arm_left2",
					"pivot": [-18, 18.25, 3.25],
					"cubes": [
						{"origin": [-19.99, 17.51, 1.26], "size": [2, 1, 4], "inflate": -0.01, "uv": [50, 29]}
					]
				},
				{
					"name": "tail",
					"parent": "body",
					"pivot": [0, 6, 8.75],
					"cubes": [
						{"origin": [-1.01, 5.51, 8.01], "size": [2, 2, 4], "uv": [24, 45]}
					]
				},
				{
					"name": "head",
					"parent": "body",
					"pivot": [0, 0, 0],
					"cubes": [
						{"origin": [-5.99, 19.99, -3.51], "size": [12, 10, 10], "uv": [0, 25]},
						{"origin": [-2.99, 21.99, -5.01], "size": [6, 4, 2], "inflate": 0.01, "uv": [48, 49]},
						{"origin": [-1, 24.5, -5.022], "size": [2, 2, 0], "uv": [6, 0]}
					]
				},
				{
					"name": "ear_right",
					"parent": "head",
					"pivot": [4, 30, 1.5],
					"cubes": [
						{"origin": [4.01, 29.99, -3.51], "size": [10, 4, 10], "inflate": 0.01, "uv": [36, 15]}
					]
				},
				{
					"name": "ear_left",
					"parent": "head",
					"pivot": [-4, 30, 1.5],
					"cubes": [
						{"origin": [-14.01, 29.99, -3.51], "size": [10, 4, 10], "inflate": 0.01, "uv": [34, 35]}
					]
				},
				{
					"name": "eye_left",
					"parent": "head",
					"pivot": [-4, 28, -4],
					"cubes": [
						{"origin": [-5, 26, -3.52], "size": [4, 2, 0], "pivot": [-4, 28, -4], "rotation": [0, 0, 25], "uv": [35, 8]}
					]
				},
				{
					"name": "eyelid_left",
					"parent": "eye_left",
					"pivot": [-4, 28, -4],
					"cubes": [
						{"origin": [-5, 26, -3.53], "size": [4, 2, 1], "pivot": [-4, 28, -4], "rotation": [0, 0, 25], "uv": [0, 31]}
					]
				},
				{
					"name": "eye_right",
					"parent": "head",
					"pivot": [4, 28, -4],
					"cubes": [
						{"origin": [1, 26, -3.52], "size": [4, 2, 0], "pivot": [4, 28, -4], "rotation": [0, 0, -25], "uv": [0, 9]}
					]
				},
				{
					"name": "eyelid_right",
					"parent": "eye_right",
					"pivot": [4, 28, -4],
					"cubes": [
						{"origin": [1, 26, -3.53], "size": [4, 2, 1], "pivot": [4, 28, -4], "rotation": [0, 0, -25], "uv": [0, 6]}
					]
				},
				{
					"name": "jaw",
					"parent": "head",
					"pivot": [0, 21.5, -0.5],
					"rotation": [2.5, 0, 0],
					"cubes": [
						{"origin": [-2, 21.95426, -7.66307], "size": [4, 2, 2], "uv": [61, 0]},
						{"origin": [-5, 19.95426, -7.66307], "size": [10, 2, 6], "uv": [35, 0]},
						{"origin": [-5, 21.95426, -7.66307], "size": [2, 4, 2], "uv": [0, 25]},
						{"origin": [3, 21.95426, -7.66307], "size": [2, 4, 2], "uv": [0, 0]}
					]
				},
				{
					"name": "leg_right",
					"parent": "body",
					"pivot": [0, 0, 0],
					"cubes": [
						{"origin": [5.5, 2, -2], "size": [4, 8, 8], "uv": [56, 49]}
					]
				},
				{
					"name": "foot_right",
					"parent": "leg_right",
					"pivot": [7, 2, 3],
					"cubes": [
						{"origin": [6, 0, -3], "size": [3, 2, 6], "uv": [64, 29]}
					]
				},
				{
					"name": "leg_left",
					"parent": "body",
					"pivot": [0, 0, 0],
					"cubes": [
						{"origin": [-9.5, 2, -2], "size": [4, 8, 8], "uv": [32, 49]}
					]
				},
				{
					"name": "foot_left",
					"parent": "leg_left",
					"pivot": [-7, 2, 4],
					"cubes": [
						{"origin": [-9, 0, -3], "size": [3, 2, 6], "uv": [16, 61]}
					]
				}
			]
		}
	]
}