{
	"format_version": "1.12.0",
	"minecraft:geometry": [
		{
			"description": {
				"identifier": "geometry.ponyta",
				"texture_width": 80,
				"texture_height": 80,
				"visible_bounds_width": 4,
				"visible_bounds_height": 4.5,
				"visible_bounds_offset": [0, 1.75, 0]
			},
			"bones": [
				{
					"name": "ponyta",
					"pivot": [0, 0, 0]
				},
				{
					"name": "body",
					"parent": "ponyta",
					"pivot": [0, 10.25, -0.75]
				},
				{
					"name": "torso",
					"parent": "body",
					"pivot": [0, 10.25, -0.75],
					"cubes": [
						{"origin": [-3, 8.25, -6.75], "size": [6, 5, 12], "uv": [0, 0]}
					]
				},
				{
					"name": "tail",
					"parent": "torso",
					"pivot": [0, 13, 5],
					"cubes": [
						{"origin": [-2, 12.25, 4.25], "size": [4, 4, 4], "uv": [0, 34]},
						{"origin": [-2.5, 10.25, 7.25], "size": [5, 7, 4], "uv": [52, 46]},
						{"origin": [0, 17.25, 7.25], "size": [0, 2, 4], "uv": [12, 30]}
					]
				},
				{
					"name": "tail2",
					"parent": "tail",
					"pivot": [0, 16, 10.75],
					"cubes": [
						{"origin": [-2, 7.88235, 7.36394], "size": [4, 9, 7], "uv": [24, 17]}
					]
				},
				{
					"name": "tail3",
					"parent": "tail2",
					"pivot": [0, 0.63235, -0.88606],
					"cubes": [
						{"origin": [-2.5, 5.88235, 10.86394], "size": [5, 7, 6], "uv": [39, 33]},
						{"origin": [0, 12.88235, 13.86394], "size": [0, 2, 3], "uv": [32, 35]},
						{"origin": [0, 2.88235, 11.36394], "size": [0, 3, 5], "uv": [16, 12]}
					]
				},
				{
					"name": "neck",
					"parent": "torso",
					"pivot": [0, 11, -4.75],
					"rotation": [5, 0, 0],
					"cubes": [
						{"origin": [-2, 10.5, -6.75], "size": [4, 7, 4], "uv": [18, 50]}
					]
				},
				{
					"name": "head",
					"parent": "neck",
					"pivot": [0, 18.5, -4.75],
					"cubes": [
						{"origin": [-2.5, 16.5, -8.25], "size": [5, 6, 6], "uv": [0, 42]},
						{"origin": [-0.5, 22.5, -8.25], "size": [1, 3, 1], "pivot": [0, 22.25, -7.75], "rotation": [35, 0, 0], "uv": [24, 0]}
					]
				},
				{
					"name": "mane",
					"parent": "head",
					"pivot": [0, 0, 0],
					"cubes": [
						{"origin": [-3, 21.75, -8.25], "size": [6, 3, 6], "inflate": 0.01, "pivot": [0, 22.5, -5.5], "rotation": [10, 0, 0], "uv": [46, 16]},
						{"origin": [-2, 24.75, -8.25], "size": [0, 2, 4], "pivot": [0, 22.5, -5.5], "rotation": [10, 0, 0], "uv": [24, 6]},
						{"origin": [-3, 12.75, -2.75], "size": [6, 12, 4], "uv": [36, 0]},
						{"origin": [0, 20.75, 1.25], "size": [0, 4, 3], "uv": [16, 33]}
					]
				},
				{
					"name": "bangs",
					"parent": "mane",
					"pivot": [0, 22.75, -8.25],
					"cubes": [
						{"origin": [-3, 19.5, -9], "size": [6, 4, 0], "pivot": [0, 21, -9], "rotation": [-22.5, 0, 0], "uv": [16, 20]}
					]
				},
				{
					"name": "mane3",
					"parent": "mane",
					"pivot": [2.25, 19.5, -0.5],
					"cubes": [
						{"origin": [0.05552, 12.83814, -3.75727], "size": [4, 7, 5], "pivot": [2.25, 19.5, -1.25], "rotation": [-6.76782, -4.2453, -19.5623], "uv": [34, 46]}
					]
				},
				{
					"name": "mane2",
					"parent": "mane",
					"pivot": [-2, 19, 0],
					"rotation": [0, 0, 7.5],
					"cubes": [
						{"origin": [-4, 10.75, -3.75], "size": [4, 9, 8], "pivot": [-2, 19.5, -0.5], "rotation": [-14.58681, 3.21132, 14.65993], "uv": [0, 17]}
					]
				},
				{
					"name": "mane4",
					"parent": "mane2",
					"pivot": [-5.25, 14, -3.25],
					"cubes": [
						{"origin": [-5.61712, 6.05804, -9.50536], "size": [4, 8, 7], "pivot": [-3.5, 13.75, -3.25], "rotation": [4.77506, 4.10149, 4.67916], "uv": [17, 33]},
						{"origin": [-5.0079, 2.90456, -11.45792], "size": [0, 6, 6], "pivot": [-5.25, 8, -6.25], "rotation": [4.95096, -15.82798, 2.98335], "uv": [0, 0]}
					]
				},
				{
					"name": "eyes",
					"parent": "head",
					"pivot": [0, 19.5, -6.25],
					"rotation": [12.5, 0, 0]
				},
				{
					"name": "eye_left",
					"parent": "eyes",
					"pivot": [2.5, 19.5, -6.4],
					"cubes": [
						{"origin": [2.51, 18, -7.4], "size": [0, 3, 3], "uv": [0, 42]}
					]
				},
				{
					"name": "eyelid_left",
					"parent": "eye_left",
					"pivot": [2.65, 20, -5.9],
					"cubes": [
						{"origin": [0.6, 18, -7.4], "size": [1, 3, 3], "inflate": 0.02, "uv": [61, 36]}
					]
				},
				{
					"name": "eye_right",
					"parent": "eyes",
					"pivot": [-2.5, 19.5, -6.4],
					"cubes": [
						{"origin": [-2.51, 18, -7.4], "size": [0, 3, 3], "uv": [0, 39]}
					]
				},
				{
					"name": "eyelid_right",
					"parent": "eye_right",
					"pivot": [-2.65, 20, -5.9],
					"cubes": [
						{"origin": [-1.6, 18, -7.4], "size": [1, 3, 3], "inflate": 0.02, "uv": [39, 16]}
					]
				},
				{
					"name": "muzzle",
					"parent": "head",
					"pivot": [0, 18, -8],
					"rotation": [5, 0, 0],
					"cubes": [
						{"origin": [-1.5, 17.5, -11], "size": [3, 2, 3], "uv": [32, 33]}
					]
				},
				{
					"name": "jaw",
					"parent": "muzzle",
					"pivot": [0, 17.25, -8],
					"rotation": [-2.5, 0, 0],
					"cubes": [
						{"origin": [-1, 16.5, -10.75], "size": [2, 1, 2], "uv": [44, 16]},
						{"origin": [-1.5, 16.5, -8.75], "size": [3, 1, 1], "uv": [22, 48]}
					]
				},
				{
					"name": "ear_left",
					"parent": "head",
					"pivot": [2.25, 20.75, -4.25],
					"rotation": [-25, 0, -45],
					"cubes": [
						{"origin": [2.25, 21.25, -5.75], "size": [4, 0, 3], "pivot": [2.25, 20.5, -4.25], "rotation": [0, -45, 0], "uv": [0, 3]}
					]
				},
				{
					"name": "ear_right",
					"parent": "head",
					"pivot": [-2.25, 20.75, -4.25],
					"rotation": [-25, 0, 45],
					"cubes": [
						{"origin": [-6.25, 21.25, -5.75], "size": [4, 0, 3], "pivot": [-2.25, 20.5, -4.25], "rotation": [0, 45, 0], "uv": [0, 0]}
					]
				},
				{
					"name": "leg_front_right",
					"parent": "body",
					"pivot": [-2.5, 9.65, -5],
					"cubes": [
						{"origin": [-3.5, 5.15, -6], "size": [2, 6, 2], "inflate": 0.01, "uv": [34, 58]}
					]
				},
				{
					"name": "leg_front_right2",
					"parent": "leg_front_right",
					"pivot": [-2.5, 5.15, -6],
					"cubes": [
						{"origin": [-4.5, 1.15, -7], "size": [4, 4, 4], "uv": [56, 0]}
					]
				},
				{
					"name": "leg_front_right3",
					"parent": "leg_front_right2",
					"pivot": [-2.5, 1.15, -5],
					"cubes": [
						{"origin": [-3.5, -0.1, -6.25], "size": [2, 2, 2], "inflate": 0.02, "uv": [58, 25]}
					]
				},
				{
					"name": "leg_front_left",
					"parent": "body",
					"pivot": [2.5, 9.65, -5],
					"cubes": [
						{"origin": [1.5, 5.15, -6], "size": [2, 6, 2], "inflate": 0.01, "uv": [0, 17]}
					]
				},
				{
					"name": "leg_front_left2",
					"parent": "leg_front_left",
					"pivot": [2.5, 5.15, -6],
					"cubes": [
						{"origin": [0.5, 1.15, -7], "size": [4, 4, 4], "uv": [56, 8]}
					]
				},
				{
					"name": "leg_front_left3",
					"parent": "leg_front_left2",
					"pivot": [2.5, 1.15, -5],
					"cubes": [
						{"origin": [1.5, -0.1, -6.25], "size": [2, 2, 2], "inflate": 0.02, "uv": [52, 0]}
					]
				},
				{
					"name": "leg_back_right",
					"parent": "body",
					"pivot": [-2.75, 9.65, 2.75],
					"rotation": [2.5, 0, 0],
					"cubes": [
						{"origin": [-3.75, 5.15, 0.75], "size": [2, 6, 4], "inflate": 0.01, "uv": [48, 57]}
					]
				},
				{
					"name": "leg_back_right2",
					"parent": "leg_back_right",
					"pivot": [-2.75, 5.15, 4.75],
					"rotation": [-5, 0, 0],
					"cubes": [
						{"origin": [-4.75, 1.15, 2.25], "size": [4, 4, 4], "uv": [46, 25]}
					]
				},
				{
					"name": "leg_back_right3",
					"parent": "leg_back_right2",
					"pivot": [-2.75, 1.25, 4.25],
					"rotation": [2.5, 0, 0],
					"cubes": [
						{"origin": [-3.75, -0.1, 3], "size": [2, 2, 2], "inflate": 0.02, "uv": [47, 46]}
					]
				},
				{
					"name": "leg_back_left",
					"parent": "body",
					"pivot": [2.75, 9.65, 2.75],
					"rotation": [2.5, 0, 0],
					"cubes": [
						{"origin": [1.75, 5.15, 0.75], "size": [2, 6, 4], "inflate": 0.01, "uv": [24, 0]}
					]
				},
				{
					"name": "leg_back_left2",
					"parent": "leg_back_left",
					"pivot": [2.75, 5.15, 4.75],
					"rotation": [-5, 0, 0],
					"cubes": [
						{"origin": [0.75, 1.15, 2.25], "size": [4, 4, 4], "uv": [0, 54]}
					]
				},
				{
					"name": "leg_back_left3",
					"parent": "leg_back_left2",
					"pivot": [2.75, 1.25, 4.25],
					"rotation": [2.5, 0, 0],
					"cubes": [
						{"origin": [1.75, -0.1, 3], "size": [2, 2, 2], "inflate": 0.02, "uv": [32, 0]}
					]
				}
			]
		}
	]
}