{
	"format_version": "1.12.0",
	"minecraft:geometry": [
		{
			"description": {
				"identifier": "geometry.unknown",
				"texture_width": 64,
				"texture_height": 64,
				"visible_bounds_width": 3,
				"visible_bounds_height": 2.5,
				"visible_bounds_offset": [0, 0.75, 0]
			},
			"bones": [
				{
					"name": "bone",
					"pivot": [0, 0, 0]
				},
				{
					"name": "body",
					"parent": "bone",
					"pivot": [0, 1, 0],
					"cubes": [
						{"origin": [-5, 6.9, -5], "size": [10, 0, 10], "uv": [0, 0]},
						{"origin": [-4, 1.15, -4], "size": [8, 0, 8], "uv": [22, 0]},
						{"origin": [-3, 1, -3], "size": [6, 6, 6], "uv": [0, 24]},
						{"origin": [3.01, 2, -2.25], "size": [0, 2, 2], "pivot": [0, 3, -1.25], "rotation": [17.5, 0, 0], "uv": [4, 6]},
						{"origin": [-3.01, 2, -2.25], "size": [0, 2, 2], "pivot": [0, 3, -1.25], "rotation": [17.5, 0, 0], "uv": [0, 6]},
						{"origin": [0.5, 2, -3.01], "size": [2, 2, 0], "pivot": [1.5, 3, -3], "rotation": [0, 0, 10], "uv": [0, 28]},
						{"origin": [-2.5, 2, -3.01], "size": [2, 2, 0], "pivot": [-1.5, 3, -3], "rotation": [0, 0, -10], "uv": [0, 26]}
					]
				},
				{
					"name": "arm_left",
					"parent": "body",
					"pivot": [-3.25, 6.75, -1],
					"cubes": [
						{"origin": [-6, 4.75, -2], "size": [3, 2, 2], "uv": [0, 4]}
					]
				},
				{
					"name": "arm_right",
					"parent": "body",
					"pivot": [3.25, 6.75, -1],
					"cubes": [
						{"origin": [3, 4.75, -2], "size": [3, 2, 2], "uv": [0, 0]}
					]
				},
				{
					"name": "head",
					"parent": "body",
					"pivot": [0, 0, 0],
					"cubes": [
						{"origin": [-4, 7, -3.5], "size": [8, 7, 7], "uv": [0, 10]},
						{"origin": [-2, 7, -4], "size": [4, 2, 1], "inflate": 0.01, "uv": [23, 14]},
						{"origin": [-0.5, 8.75, -3.51], "size": [1, 1, 0], "uv": [0, 4]},
						{"origin": [-1.75, 8.5, -3.76], "size": [1, 1, 0], "uv": [0, 1]},
						{"origin": [0.75, 8.5, -3.76], "size": [1, 1, 0], "uv": [0, 0]}
					]
				},
				{
					"name": "ear_back_right",
					"parent": "head",
					"pivot": [4, 14, 2],
					"cubes": [
						{"origin": [4, 13, 0.5], "size": [5, 1, 3], "uv": [24, 28]}
					]
				},
				{
					"name": "ear_back_left",
					"parent": "head",
					"pivot": [-4, 14, 2],
					"cubes": [
						{"origin": [-9, 13, 0.5], "size": [5, 1, 3], "uv": [23, 10]}
					]
				},
				{
					"name": "ear_front_right",
					"parent": "head",
					"pivot": [4, 14, -2],
					"cubes": [
						{"origin": [4, 13, -3.5], "size": [5, 1, 3], "uv": [30, 14]}
					]
				},
				{
					"name": "ear_front_left",
					"parent": "head",
					"pivot": [-4, 14, -2],
					"cubes": [
						{"origin": [-9, 13, -3.5], "size": [5, 1, 3], "uv": [18, 24]}
					]
				},
				{
					"name": "eye_right",
					"parent": "head",
					"pivot": [2.75, 11.25, 0],
					"rotation": [0, 0, -17.5],
					"cubes": [
						{"origin": [0.5, 10, -3.51], "size": [3, 2, 0], "uv": [0, 24]}
					]
				},
				{
					"name": "eyelid_right",
					"parent": "eye_right",
					"pivot": [-0.25, 0.25, 1],
					"cubes": [
						{"origin": [0.75, 10.25, -2.511], "size": [3, 2, 0], "uv": [0, 14]}
					]
				},
				{
					"name": "eye_left",
					"parent": "head",
					"pivot": [-2.75, 11.25, 0],
					"rotation": [0, 0, 17.5],
					"cubes": [
						{"origin": [-3.5, 10, -3.51], "size": [3, 2, 0], "uv": [0, 12]}
					]
				},
				{
					"name": "eyelid_left",
					"parent": "eye_left",
					"pivot": [0.25, 0.25, 1],
					"cubes": [
						{"origin": [-3.75, 10.25, -2.511], "size": [3, 2, 0], "uv": [0, 10]}
					]
				},
				{
					"name": "foot_left",
					"parent": "body",
					"pivot": [-2, 1, 1],
					"cubes": [
						{"origin": [-2.75, 0.01, -2], "size": [2, 1, 3], "uv": [31, 22]},
						{"origin": [-2.25, 0, -1], "size": [1, 0, 1], "uv": [1, 1]}
					]
				},
				{
					"name": "foot_right",
					"parent": "body",
					"pivot": [2, 1, 1],
					"cubes": [
						{"origin": [1.25, 0, -1], "size": [1, 0, 1], "uv": [1, 1], "mirror": true},
						{"origin": [0.75, 0.01, -2], "size": [2, 1, 3], "uv": [30, 18]}
					]
				}
			]
		}
	]
}