{
	"format_version": "1.12.0",
	"minecraft:geometry": [
		{
			"description": {
				"identifier": "geometry.unknown",
				"texture_width": 80,
				"texture_height": 80,
				"visible_bounds_width": 3,
				"visible_bounds_height": 3.5,
				"visible_bounds_offset": [0, 1.25, 0]
			},
			"bones": [
				{
					"name": "bone",
					"pivot": [0, 1, 0]
				},
				{
					"name": "body",
					"parent": "bone",
					"pivot": [0, 0, 0],
					"cubes": [
						{"origin": [-2, 2, -2], "size": [4, 5, 4], "uv": [58, 60]}
					]
				},
				{
					"name": "leg_right",
					"parent": "body",
					"pivot": [0, 0, 1],
					"cubes": [
						{"origin": [0.75, 0, -0.5], "size": [1, 2, 1], "uv": [21, 38]}
					]
				},
				{
					"name": "leg_left",
					"parent": "body",
					"pivot": [-1.5, 2, 0],
					"cubes": [
						{"origin": [-1.75, 0, -0.5], "size": [1, 2, 1], "uv": [0, 37]}
					]
				},
				{
					"name": "arm_right",
					"parent": "body",
					"pivot": [2, 7, 0],
					"cubes": [
						{"origin": [2, 5, -1], "size": [3, 2, 2], "uv": [42, 25]}
					]
				},
				{
					"name": "arm_left",
					"parent": "body",
					"pivot": [-2, 7, 0],
					"cubes": [
						{"origin": [-5, 5, -1], "size": [3, 2, 2], "uv": [36, 0]}
					]
				},
				{
					"name": "head",
					"parent": "body",
					"pivot": [0, 0, 0],
					"cubes": [
						{"origin": [3, 9, -4.01], "size": [5, 8, 0], "uv": [0, 65]},
						{"origin": [-8, 9, -4.01], "size": [5, 8, 0], "uv": [20, 61]},
						{"origin": [-4, 7, -4], "size": [8, 8, 8], "uv": [0, 21]},
						{"origin": [-6, 9, -4], "size": [2, 8, 8], "uv": [0, 49]},
						{"origin": [4, 9, -4], "size": [2, 8, 8], "uv": [44, 42]},
						{"origin": [-4, 15, -4], "size": [8, 2, 8], "uv": [24, 29]},
						{"origin": [-2, 5.25, -4.5], "size": [4, 3, 8], "inflate": 0.1, "uv": [56, 35]},
						{"origin": [2.2, 6.95, -4], "size": [3, 2, 8], "inflate": 0.1, "uv": [36, 58]},
						{"origin": [-5.2, 6.95, -4], "size": [3, 2, 8], "inflate": 0.1, "uv": [56, 50]}
					]
				},
				{
					"name": "bangs",
					"parent": "head",
					"pivot": [0, 15, -4],
					"cubes": [
						{"origin": [-5, 16.5, -11], "size": [10, 0, 6], "pivot": [0, 17, -3], "rotation": [47.5, 0, 0], "uv": [18, 21]}
					]
				},
				{
					"name": "hair",
					"parent": "head",
					"pivot": [0.5, 17, 2],
					"cubes": [
						{"origin": [-7.5, 3.25, 2], "size": [15, 15, 6], "uv": [0, 0]},
						{"origin": [1.5, 1.5, 3.75], "size": [7, 6, 5], "uv": [20, 50]},
						{"origin": [3.25, 8, 1.75], "size": [7, 7, 5], "uv": [44, 12]},
						{"origin": [-10.25, 7, 5], "size": [7, 7, 5], "uv": [42, 0]},
						{"origin": [1.25, 14.25, 3.25], "size": [8, 6, 5], "uv": [26, 39]},
						{"origin": [-8.5, 12.5, 3.75], "size": [8, 7, 5], "uv": [0, 37]},
						{"origin": [-8, 1.5, 3.75], "size": [7, 6, 5], "uv": [48, 24]}
					]
				},
				{
					"name": "eye_right",
					"parent": "head",
					"pivot": [0, 7, 0],
					"cubes": [
						{"origin": [1, 9.25, -4.01], "size": [2, 3, 0], "uv": [4, 25]}
					]
				},
				{
					"name": "eyelid_right",
					"parent": "eye_right",
					"pivot": [0, 7, 0],
					"cubes": [
						{"origin": [1, 9.25, -4.01], "size": [2, 3, 1], "inflate": 0.01, "uv": [0, 21]}
					]
				},
				{
					"name": "eye_left",
					"parent": "head",
					"pivot": [0, 7, 0],
					"cubes": [
						{"origin": [-3, 9.25, -4.01], "size": [2, 3, 0], "uv": [0, 25]}
					]
				},
				{
					"name": "eyelid_left",
					"parent": "eye_left",
					"pivot": [0, 7, 0],
					"cubes": [
						{"origin": [-3, 9.25, -4.01], "size": [2, 3, 1], "inflate": 0.01, "uv": [0, 0]}
					]
				}
			]
		}
	]
}