{
  "head": "head",
  "portraitScale": 1.3,
  "portraitTranslation": [
    0,
    1.2,
    0
  ],
  "profileScale": 0.7,
  "profileTranslation": [
    0,
    0.7,
    0
  ],
  "faint": "bedrock(rapidash_galarian, faint)",
  "poses": {
    "standing": {
      "poseName": "standing",
      "transformTicks": 10,
      "poseTypes": [
        "STAND",
        "NONE",
        "PORTRAIT",
        "PROFILE"
      ],
      "animations": [
        "bedrock(rapidash_galarian, ground_idle)"
      ],
      "quirks": [
        {
          "name": "blink",
          "animations": [
            "bedrock(rapidash_galarian, blink)"
          ]
        }
      ]
    },
    "walking": {
      "poseName": "walking",
      "transformTicks": 10,
      "poseTypes": [
        "WALK"
      ],
      "animations": [
        "bedrock(rapidash_galarian, ground_walk)"
      ],
      "quirks": [
        {
          "name": "blink",
          "animations": [
            "bedrock(rapidash_galarian, blink)"
          ]
        }
      ]
    },
    "sleeping": {
      "poseName": "sleeping",
      "transformTicks": 10,
      "poseTypes": [
        "SLEEP"
      ],
      "animations": [
        "bedrock(rapidash_galarian, sleep)"
      ]
    }
  }
}