{
	"format_version": "1.8.0",
	"animations": {
		"animation.rapidash_galarian.ground_idle": {
			"loop": true,
			"bones": {
				"torso": {
					"rotation": [0, 0, "Math.cos((query.anim_time) * 90 * 1) * 0.5"],
					"position": [0, "Math.cos((query.anim_time) * 90 * 2) * 0.1", 0]
				},
				"neck": {
					"rotation": ["Math.cos((query.anim_time-0.2) * 90 * 2) * -1", -0.4698, 0]
				},
				"head_angle": {
					"rotation": [0, 0, 0]
				},
				"ear_right": {
					"rotation": [0, 2.5, "5*Math.cos((query.anim_time-0.8) * 90 * 2)"]
				},
				"ear_left": {
					"rotation": [0, -2.5, "-5*Math.cos((query.anim_time-0.8) * 90 * 2)"]
				},
				"tail2": {
					"rotation": ["-4*Math.cos((query.anim_time-0.8) * 90 * 2)", 0, 0]
				},
				"tail4": {
					"rotation": ["-4+Math.cos((query.anim_time-0.8) * 90 * 2)", 0, 0]
				},
				"tail6": {
					"rotation": ["-4+Math.cos((query.anim_time-0.8) * 90 * 2)", 0, 0]
				}
			}
		},
		"animation.rapidash_galarian.ground_walk": {
			"loop": true,
			"bones": {
				"mane_top": {
					"rotation": ["math.sin(q.anim_time*90*8+90)*4-4", 0, 0]
				},
				"mane_bottom": {
					"rotation": ["-math.sin(q.anim_time*90*8+90)*4-4", 0, 0]
				},
				"tail_right": {
					"rotation": ["-math.sin(q.anim_time*90*3-33*5+120)*10+5", "-math.sin(q.anim_time*90*1.5-33*5+120)*4", 0]
				},
				"tail_right2": {
					"rotation": ["-math.sin(q.anim_time*90*3-33*6+120)*8", "math.sin(q.anim_time*90*1.5-33*6+120)*6", 0]
				},
				"tail_right3": {
					"rotation": ["-math.sin(q.anim_time*90*3-33*7+120)*8", "math.sin(q.anim_time*90*1.5-33*4+120)*8", 0]
				},
				"tail_right4": {
					"rotation": ["-math.sin(q.anim_time*90*3-33*8+120)*8", "math.sin(q.anim_time*90*1.5-33*3+120)*8", 0]
				},
				"tail_right5": {
					"rotation": ["-math.sin(q.anim_time*90*3-33*9+120)*10", "-math.sin(q.anim_time*90*1.5-33*2+120)*10", 0]
				},
				"tail_left": {
					"rotation": ["-math.sin(q.anim_time*90*3-33*5)*10+5", "-math.sin(q.anim_time*90*1.5-33*5)*4", 0]
				},
				"tail_left2": {
					"rotation": ["-math.sin(q.anim_time*90*3-33*6)*8", "math.sin(q.anim_time*90*1.5-33*6)*6", 0]
				},
				"tail_left3": {
					"rotation": ["-math.sin(q.anim_time*90*3-33*7)*8", "math.sin(q.anim_time*90*1.5-33*4)*8", 0]
				},
				"tail_left4": {
					"rotation": ["-math.sin(q.anim_time*90*3-33*8)*8", "math.sin(q.anim_time*90*1.5-33*3)*8", 0]
				},
				"tail_left5": {
					"rotation": ["-math.sin(q.anim_time*90*3-33*9)*10", "-math.sin(q.anim_time*90*1.5-33*2)*10", 0]
				},
				"tail_right6": {
					"rotation": ["-math.sin(q.anim_time*90*3-33*9+120)*6", "-math.sin(q.anim_time*90*1.5-33*2+120)*10", 0]
				},
				"tail_left6": {
					"rotation": ["-math.sin(q.anim_time*90*3-33*9)*6", "-math.sin(q.anim_time*90*1.5-33*2)*10", 0]
				},
				"body": {
					"position": [0, "-1.75+math.clamp(math.sin(q.anim_time*90*4)*1.1,0.5,1)+math.clamp(math.sin(q.anim_time*90*4+180)*1.1,0.5,1)", 0]
				},
				"torso": {
					"rotation": ["math.sin(q.anim_time*90*4-90)*0.2+0.5", 0, "math.clamp(math.sin(q.anim_time*90*4-90)*1,-0.8,0.8)+math.sin(q.anim_time*90*4-180)*1"]
				},
				"braid_right": {
					"rotation": [0, 0, "-(Math.sin((query.anim_time-0.2) * 90 * 4) * 5)"]
				},
				"braid_middle_right": {
					"rotation": ["Math.sin((query.anim_time-0.4) * 90 * 4) * 5", 0, "-(Math.sin((query.anim_time-0.4) * 90 * 4) * 5)"]
				},
				"braid_bottom_right": {
					"rotation": ["Math.sin((query.anim_time-0.6) * 90 * 4) * 5", 0, "-(Math.sin((query.anim_time-0.6) * 90 * 4) * 5)"]
				},
				"braid_left": {
					"rotation": [0, 0, "Math.sin((query.anim_time-0.2) * 90 * 4) * 5"]
				},
				"braid_middle_left": {
					"rotation": ["Math.sin((query.anim_time-0.4) * 90 * 4) * 5", 0, "Math.sin((query.anim_time-0.4) * 90 * 4) * 5"]
				},
				"braid_bottom_left": {
					"rotation": ["Math.sin((query.anim_time-0.6) * 90 * 4) * 5", 0, "Math.sin((query.anim_time-0.6) * 90 * 4) * 5"]
				},
				"leg_front_left": {
					"rotation": ["20-math.clamp(19*(math.sin(q.anim_time*90*4-90+33+180)*1+1),-0,60)", 0, 0],
					"position": [
						0,
						"0.8*(math.clamp(math.sin(q.anim_time*90*4-155+180)*1.6,1,1.6)-0.2)+0.5*(math.clamp(math.sin(q.anim_time*90*4-75+180)*1.8,1,1.8)-1)-0.2*(math.clamp(math.sin(q.anim_time*90*4+180)*1.4,1,1.4)+1)-math.clamp(math.sin(q.anim_time*90*4)*1,0,0.75)",
						0
					]
				},
				"leg_front_left2": {
					"rotation": [
						"math.clamp(math.sin(q.anim_time*90*4-180*1+33)*40,0,40)+(math.clamp(math.sin(q.anim_time*90*2-90*3)*1,0.5,1)*1-0.5)*30+(math.clamp(math.sin(q.anim_time*90*2-90*1)*1,0.5,1)*1-0.5)*30",
						0,
						0
					]
				},
				"leg_front_left3": {
					"rotation": ["-20+math.clamp(10*(math.sin(q.anim_time*90*4-90-180*1)*1+1),-0,60)+math.clamp(math.sin(q.anim_time*90*4-180*1+10)*30,-2.5,30)", 0, 0],
					"position": [0, "math.clamp(math.sin(q.anim_time*90*4-120+180)*1.1,0.9,1)-0.9+math.clamp(math.sin(q.anim_time*90*2-130+90)*1.3,0.9,1)-0.9", 0]
				},
				"leg_front_right": {
					"rotation": ["20-math.clamp(19*(math.sin(q.anim_time*90*4-90+33)*1+1),-0,60)", 0, 0],
					"position": [
						0,
						"0.8*(math.clamp(math.sin(q.anim_time*90*4-155)*1.6,1,1.6)-0.2)+0.5*(math.clamp(math.sin(q.anim_time*90*4-75)*1.8,1,1.8)-1)-0.2*(math.clamp(math.sin(q.anim_time*90*4)*1.4,1,1.4)+1)-math.clamp(math.sin(q.anim_time*90*4-180)*1,0,0.75)",
						0
					]
				},
				"leg_front_right2": {
					"rotation": [
						"math.clamp(math.sin(q.anim_time*90*4-180*0+33)*40,0,40)+(math.clamp(math.sin(q.anim_time*90*2-90*0)*1,0.5,1)*1-0.5)*30+(math.clamp(math.sin(q.anim_time*90*2-90*2)*1,0.5,1)*1-0.5)*30",
						0,
						0
					]
				},
				"leg_front_right3": {
					"rotation": ["-20+math.clamp(10*(math.sin(q.anim_time*90*4-90-180*0)*1+1),-0,60)+math.clamp(math.sin(q.anim_time*90*4-180*0+10)*30,-5,30)", 0, 0],
					"position": [0, "math.clamp(math.sin(q.anim_time*90*4-120)*1.1,0.9,1)-0.9+math.clamp(math.sin(q.anim_time*90*2-130)*1.3,0.9,1)-0.9", 0]
				},
				"leg_back_left": {
					"rotation": ["-20+math.clamp(15*(math.sin(q.anim_time*90*4-90+180)*1+1),-0,60)", 0, 0],
					"position": [
						0,
						"-math.clamp(-math.sin(q.anim_time*90*4+90+180*1)*0.01,0,0.01)+math.clamp(-math.sin(q.anim_time*90*4+20+180*1)*1,0.4,1)-0.4+math.clamp(math.sin(q.anim_time*90*4-130+180*1)*1.5,0.4,0.6)-0.3+(math.clamp(-math.sin(q.anim_time*90*2+70+180*1)*1,0.5,1)-0.5)*0.5+(math.clamp(-math.sin(q.anim_time*90*2+70+180*0)*1,0.5,1))*0.5",
						0
					]
				},
				"leg_back_left2": {
					"rotation": [
						"math.clamp(math.sin(q.anim_time*90*4+180)*10,0,10)-math.clamp(math.sin(q.anim_time*90*4-95+180)*10,0,45)-math.clamp(math.sin(q.anim_time*90*4+180*0)*10,0,45)",
						0,
						0
					],
					"position": [0, "math.clamp(math.sin(q.anim_time*90*4-130+180)*1,0.5,1)-math.clamp(math.sin(q.anim_time*90*4-40+180)*1,0.75,1)+0.25", 0]
				},
				"leg_back_left3": {
					"rotation": [
						"-math.clamp(math.sin(q.anim_time*90*4+180*1)*10,0,10)+math.clamp(math.sin(q.anim_time*90*4+10+180*0)*25,0,45)-(-20+math.clamp(11*(math.sin(q.anim_time*90*4-90+180*1)*1+1),-0,60))+math.clamp(math.sin(q.anim_time*90*4-130+180*1)*00,50,100)-50",
						0,
						0
					],
					"position": [0, "(math.clamp(math.sin(q.anim_time*90*4-110+180*0)*1,0.5,1)-0.5)*0.7", 0]
				},
				"leg_back_right": {
					"rotation": ["-20+math.clamp(15*(math.sin(q.anim_time*90*4-90)*1+1),-0,60)", 0, 0],
					"position": [
						0,
						"-math.clamp(-math.sin(q.anim_time*90*4+90+180*0)*0.01,0,0.01)+math.clamp(-math.sin(q.anim_time*90*4+20+180*0)*1,0.4,0.8)-0.4+math.clamp(math.sin(q.anim_time*90*4-130+180*0)*1.5,0.4,0.6)-0.3+(math.clamp(-math.sin(q.anim_time*90*2+70+180*0)*1,0.5,1)-0.5)*0.5+(math.clamp(-math.sin(q.anim_time*90*2+70+180*1)*1,0.5,1))*0.5",
						0
					]
				},
				"leg_back_right2": {
					"rotation": [
						"math.clamp(math.sin(q.anim_time*90*4)*10,0,10)-math.clamp(math.sin(q.anim_time*90*4-95)*10,0,45)-math.clamp(math.sin(q.anim_time*90*4+180)*10,0,45)",
						0,
						0
					],
					"position": [0, "math.clamp(math.sin(q.anim_time*90*4-130)*1,0.5,1)-math.clamp(math.sin(q.anim_time*90*4-40)*1,0.75,1)+0.25", 0]
				},
				"leg_back_right3": {
					"rotation": [
						"-math.clamp(math.sin(q.anim_time*90*4+180*0)*10,0,10)+math.clamp(math.sin(q.anim_time*90*4+10+180*1)*25,0,45)-(-20+math.clamp(11*(math.sin(q.anim_time*90*4-90+180*0)*1+1),-0,60))+math.clamp(math.sin(q.anim_time*90*4-130+180*0)*00,50,100)-50",
						0,
						0
					],
					"position": [0, "(math.clamp(math.sin(q.anim_time*90*4-110+180)*1,0.5,1)-0.5)*0.7", 0]
				},
				"wool": {
					"position": [0, "0.5+Math.sin((query.anim_time-0.3) * 90 * 8) * 0.3", 0]
				},
				"neck_wool": {
					"rotation": [
						"-math.sin(q.anim_time*90*4-90)*0.5+math.sin(q.anim_time*90*4*2-45)*1",
						0,
						"-math.clamp(math.sin(q.anim_time*90*4-90)*1,-0.8,0.8)-math.sin(q.anim_time*90*4-180)*1"
					],
					"position": [0, 0.1, 0]
				},
				"head_angle": {
					"rotation": [
						"-math.sin(q.anim_time*90*4-90)*0.5+math.sin(q.anim_time*90*4*2-45)*1",
						0,
						"-math.clamp(math.sin(q.anim_time*90*4-90)*1,-0.8,0.8)-math.sin(q.anim_time*90*4-180)*1"
					],
					"position": ["math.sin(q.anim_time*90*4-45)*0.1", "math.sin(-q.anim_time*90*4*2-45)*0.1", 0]
				},
				"ear_right": {
					"rotation": [0, 2.5, "5*Math.cos((query.anim_time-0.3) * 90 * 8)"]
				},
				"ear_left": {
					"rotation": [0, -2.5, "-5*Math.cos((query.anim_time-0.3) * 90 * 8)"]
				},
				"tail": {
					"rotation": ["-math.sin(q.anim_time*90*3-33*7-120)*8", "math.sin(q.anim_time*90*1.5-33*4-120)*8", 0]
				},
				"bangs": {
					"rotation": ["Math.cos((query.anim_time-0.3) * 90 * 8)", 0, 0]
				},
				"mane2": {
					"rotation": ["math.clamp(5*(math.sin(q.anim_time*90*4-90)*1+1),-0,60)", 0, 0]
				},
				"mane3": {
					"rotation": ["math.clamp(5*(math.sin(q.anim_time*90*4-90)*1+1),-0,60)", 0, 0]
				},
				"mane4": {
					"rotation": ["math.clamp(5*(math.sin(q.anim_time*90*4-90)*1+1),0,7)", 0, 0]
				},
				"mane5": {
					"rotation": ["-7.5+math.clamp(5*(math.sin(q.anim_time*90*4-90)*1+1),-0,60)", 0, 0]
				},
				"mane6": {
					"rotation": ["math.clamp(5*(math.sin(q.anim_time*90*4-90)*1+1),-0,60)", 0, 0]
				},
				"mane7": {
					"rotation": ["-10+math.clamp(5*(math.sin(q.anim_time*90*4-90)*1+1),-0,60)", 0, 0]
				},
				"mane9": {
					"rotation": ["20.8056+math.clamp(5*(math.sin(q.anim_time*90*4-90)*1+1),-0,60)", -18.26024, 25.15521]
				},
				"tail2": {
					"rotation": [0, 0, 0]
				},
				"tail4": {
					"rotation": ["-math.sin(q.anim_time*90*3-33*8-120)*8", "math.sin(q.anim_time*90*1.5-33*3-120)*8", 0]
				},
				"tail6": {
					"rotation": ["-math.sin(q.anim_time*90*3-33*9+120)*6", "-math.sin(q.anim_time*90*1.5-33*2+120)*10", 0]
				}
			}
		},
		"animation.rapidash_galarian.sleep": {
			"loop": true,
			"bones": {
				"body": {
					"rotation": [0, 0, -87.5],
					"position": [14.75, 4.25, 0]
				},
				"torso": {
					"rotation": [0, 0, "Math.sin((query.anim_time) * 90 * 1) * 1"],
					"position": ["Math.sin((query.anim_time) * 90 * 1) * 0.05", 0, 0]
				},
				"wool": {
					"position": [2, 0, 0]
				},
				"neck": {
					"rotation": ["30.0792+Math.sin((query.anim_time-0.2) * 90 * 1) * 0.5", "17.5445+Math.sin((query.anim_time) * 90 * 1) * 2", 15.0857]
				},
				"neck_wool": {
					"rotation": [-7.98184, -4.75113, 19.07518],
					"position": [0, -0.5, 0]
				},
				"head_angle": {
					"rotation": [-26.7336, 4.32716, 9.63444]
				},
				"eyelid_left": {
					"position": [0.1, -1.5, 0]
				},
				"eyelid_right": {
					"position": [-0.1, -1.5, 0]
				},
				"ear_right": {
					"rotation": [-23.38746, "41.7972-(Math.sin((query.anim_time-0.4) * 90 * 1) * 2)", "-2.0405-(Math.sin((query.anim_time-0.4) * 90 * 1) * 2)"]
				},
				"ear_left": {
					"rotation": [0, 0, "Math.sin((query.anim_time-0.4) * 90 * 1) * 5"]
				},
				"leg_front_right": {
					"rotation": [0, 0, "Math.sin((query.anim_time) * 90 * 1) * -3"],
					"position": ["Math.sin((query.anim_time) * 90 * 1) * -0.4", "Math.sin((query.anim_time) * 90 * 1) * -0.2", 0]
				},
				"leg_front_right2": {
					"rotation": [37.5, 0, 0]
				},
				"leg_front_left": {
					"rotation": [0, 0, 15]
				},
				"leg_front_left2": {
					"rotation": [37.5, 0, 15]
				},
				"leg_front_left3": {
					"rotation": [25, 0, 0]
				},
				"leg_back_right2": {
					"rotation": [-5, 0, 0]
				},
				"leg_back_left": {
					"rotation": [10, 0, "5+Math.sin((query.anim_time) * 90 * 1) * 3"],
					"position": ["Math.sin((query.anim_time) * 90 * 1) * 0.4", "Math.sin((query.anim_time) * 90 * 1) * -0.2", 0]
				},
				"leg_back_left2": {
					"rotation": [-31.60179, 11.31335, 33.34411]
				},
				"tail2": {
					"rotation": [0, -25, 0]
				},
				"tail4": {
					"rotation": [0, -30, 0]
				}
			}
		},
		"animation.rapidash_galarian.faint": {
			"loop": true,
			"animation_length": 3,
			"bones": {
				"body": {
					"rotation": {
						"0.0": [0, 0, 0],
						"0.0417": [4.64, 0, 0],
						"0.125": [6.58, 0, 0],
						"0.25": [0.31, 0, 0],
						"0.5": [-32.03, 0, 0],
						"0.7917": [-51.5, 0, 0],
						"1.125": [-61.5, 0, 0],
						"1.25": [-55.73, 0, 0],
						"1.375": [-24.21, 0, 0],
						"1.4583": [18.47, 0, 0],
						"1.5417": [29, 0, 0],
						"1.6667": [34, 0, 0],
						"1.875": [29, 0, 0],
						"2.0833": [9.65, 0, 0],
						"2.2083": [1, 0, 0],
						"2.2917": [3.75, 0, 0],
						"2.375": [0.5, 0, 0],
						"2.5": [-1.5, 0, 0]
					},
					"position": {
						"0.0": [0, 0, 0],
						"0.0417": [0, -0.5, -0.5],
						"0.125": [0, -0.75, 0],
						"0.25": [0, -0.31, 0],
						"0.5": [0, 2.07, 0],
						"0.75": [0, 2.7, 0.5],
						"0.9167": [0, 3.09, 2.86],
						"1.0417": [0, 3.32, 4],
						"1.125": [0, 3.36, 4.58],
						"1.1667": [0, 3.38, 3.75],
						"1.25": [0, 3.25, 2.33],
						"1.2917": [0, 3.18, 2.75],
						"1.3333": [0, 1.5, 3.35],
						"1.375": [0, -0.43, 3.95],
						"1.4167": [0, -1.29, 2.63],
						"1.4583": [0, -2.14, -0.68],
						"1.5": [0, -3, -0.75],
						"1.5417": [0, -3.67, -1],
						"1.625": [0, -4, 0],
						"1.75": [0, -3.67, 0],
						"1.8333": [0, -3, 0.5],
						"1.9167": [0, -3.5, 1.25],
						"2.125": [0, -4.75, 2],
						"2.2917": [0, -5.29, 2],
						"2.4167": [0, -5.5, 2]
					}
				},
				"torso": {
					"rotation": {
						"0.0": [0, 0, 0],
						"1.0": [-2.5, 0, 0],
						"1.4167": [-4.5, 0, 0],
						"1.625": [0.5, 0, 0],
						"1.8333": [0, 0, 0]
					}
				},
				"neck": {
					"rotation": {
						"0.0": [0, 0, 0],
						"0.125": [20, 0, 0],
						"0.375": [18, 0, 0],
						"0.5833": [9.75, 0, 0],
						"0.75": [-10, 0, 0],
						"1.0": [-15, 0, 0],
						"1.2917": [-17.5, 0, 0],
						"1.4167": [-17.5, 0, 0],
						"1.5": [8.5, 0, 0],
						"1.5417": [16.75, 0, 0],
						"1.625": [22.5, 0, 0],
						"1.7083": [16.5, 0, 0],
						"1.7917": [5.75, 0, 0],
						"1.9167": [0, 0, 0],
						"2.0833": [12.5, 0, 0],
						"2.25": [42.5, 0, 0]
					},
					"position": {
						"1.75": [0, 0, 0],
						"2.25": [0, -1.99828, -0.08288]
					}
				},
				"head_angle": {
					"rotation": {
						"0.0": [0, 0, 0],
						"0.5": [-18.64, 0, 0],
						"0.9167": [-17.5, 0, 0],
						"1.4167": [-17.5, 0, 0],
						"1.6667": [0, 0, 0],
						"1.7917": [-15, 0, 0],
						"1.9167": [-20, 0, 0],
						"2.125": [-20, 0, 0],
						"2.3333": [5, 0, 0],
						"2.4167": [0, 0, 0],
						"2.5": [1.3, 0, 0],
						"2.5833": [5, 0, 0]
					},
					"position": {
						"1.6667": [0, 0, 0],
						"2.4583": [0, -0.73728, -0.67559]
					}
				},
				"ear_right": {
					"rotation": {
						"1.8333": [0, 0, 0],
						"2.5": [-2.87503, -18.68519, -19.24377]
					}
				},
				"ear_left": {
					"rotation": {
						"1.8333": [0, 0, 0],
						"2.5": [-2.87503, 18.68519, 19.24377]
					}
				},
				"leg_front_right": {
					"rotation": {
						"0.0": [0, 0, 0],
						"0.3333": [12.5, 0, 0],
						"0.5": [-3.06, 0, 0],
						"0.7083": [-45, 0, 0],
						"0.8333": [-12.5, 0, 0],
						"0.9167": [-39.83, 0, 0],
						"0.9583": [-45, 0, 0],
						"1.0833": [-12.5, 0, 0],
						"1.1667": [-39.83, 0, 0],
						"1.2083": [-45, 0, 0],
						"1.3333": [-32.5, 0, 0],
						"1.4167": [-77.33, 0, 0],
						"1.5": [-67, 0, 0],
						"1.5417": [-34, 0, 0],
						"1.9583": [-27.21, 0, 0],
						"2.1667": [-4.16, 0, 0],
						"2.4167": [-4, 0, 0]
					},
					"position": {
						"1.4167": [0, 0, 0],
						"1.5417": [0, -1.6961, -1.05984]
					}
				},
				"leg_front_right2": {
					"rotation": {
						"0.0": [0, 0, 0],
						"0.2917": [17.5, 0, 0],
						"0.75": [45, 0, 0],
						"0.875": [15, 0, 0],
						"1.0": [0, 0, 0],
						"1.125": [30, 0, 0],
						"1.25": [0, 0, 0],
						"1.3333": [40, 0, 0],
						"1.4167": [70, 0, 0],
						"1.5417": [100, 0, 0],
						"1.8333": [90, 0, 0],
						"2.25": [95, 0, 0]
					}
				},
				"leg_front_left": {
					"rotation": {
						"0.0": [0, 0, 0],
						"0.5": [3, 0, 0],
						"0.6667": [-33.5, 0, 0],
						"0.8333": [-45, 0, 0],
						"0.9583": [-12.5, 0, 0],
						"1.0417": [-39.83, 0, 0],
						"1.0833": [-45, 0, 0],
						"1.2083": [-17.5, 0, 0],
						"1.2917": [-39.83, 0, 0],
						"1.3333": [-67.5, 0, 0],
						"1.4167": [-57.78, 0, 0],
						"1.4583": [-39.83, 0, 0],
						"1.5417": [-44, 0, 0],
						"1.5833": [-34, 0, 0],
						"1.9583": [-27.21, 0, 0],
						"2.1667": [-4.16, 0, 0],
						"2.4167": [-4, 0, 0]
					},
					"position": {
						"1.4167": [0, 0, 0],
						"1.5417": [0, -1.6961, -1.05984]
					}
				},
				"leg_front_left2": {
					"rotation": {
						"0.0": [0, 0, 0],
						"0.2917": [17.5, 0, 0],
						"0.75": [45, 0, 0],
						"0.875": [15, 0, 0],
						"1.0": [0, 0, 0],
						"1.125": [30, 0, 0],
						"1.25": [0, 0, 0],
						"1.3333": [50, 0, 0],
						"1.4167": [70, 0, 0],
						"1.5417": [105, 0, 0],
						"1.8333": [90, 0, 0],
						"2.25": [95, 0, 0]
					}
				},
				"leg_back_right": {
					"rotation": {
						"0.0": [0, 0, 0],
						"0.125": [-5, 0, 0],
						"0.25": [2.22, 0, 0],
						"0.4583": [34.25, 0, 0],
						"0.5": [40.79, 0, 0],
						"0.75": [62.5, 0, 0],
						"1.25": [57.71, 0, 0],
						"1.4167": [-11.11, 0, 0],
						"1.625": [-30.77, 0, 0],
						"1.9583": [-30.77, 0, 0],
						"2.2083": [11.93082, 14.39012, 8.51332],
						"2.4167": [-3.50901, 13.51933, 8.26019]
					},
					"position": {
						"1.9583": [0, 0, 0],
						"2.4167": [0, -0.86049, 0]
					}
				},
				"leg_back_right2": {
					"rotation": {
						"0.0": [0, 0, 0],
						"1.0": [-15, 0, 0],
						"1.3333": [0, 0, 0],
						"1.9583": [0, 0, 0],
						"2.2083": [-85, 0, 0],
						"2.4167": [-82.5, 0, 0]
					}
				},
				"leg_back_left": {
					"rotation": {
						"0.0": [0, 0, 0],
						"0.125": [-5, 0, 0],
						"0.25": [2.22, 0, 0],
						"0.4583": [34.25, 0, 0],
						"0.5": [40.79, 0, 0],
						"0.75": [62.5, 0, 0],
						"1.25": [57.71, 0, 0],
						"1.4167": [-11.11, 0, 0],
						"1.625": [-30.77, 0, 0],
						"1.9583": [-30.77, 0, 0],
						"2.2083": [11.93082, -14.39012, -8.51332],
						"2.4167": [-3.68835, -13.48207, -9.5125]
					},
					"position": {
						"1.9583": [0, 0, 0],
						"2.4167": [0, -0.86049, 0]
					}
				},
				"leg_back_left2": {
					"rotation": {
						"0.0": [0, 0, 0],
						"1.0": [-15, 0, 0],
						"1.3333": [0, 0, 0],
						"1.9583": [0, 0, 0],
						"2.2083": [-85, 0, 0],
						"2.4167": [-82.5, 0, 0]
					},
					"position": [0, 0, 0]
				},
				"wool": {
					"rotation": {
						"0.0": [0, 0, 0],
						"0.4583": [18.75, 0, 0],
						"0.75": [22.5, 0, 0],
						"1.0833": [18.75, 0, 0],
						"1.375": [0, 0, 0]
					}
				},
				"eyelid_left": {
					"position": {
						"0.375": [0, 0, 0],
						"0.4167": [0.15, -1.5, 0]
					}
				},
				"eyelid_right": {
					"position": {
						"0.375": [0, 0, 0],
						"0.4167": [-0.15, -1.5, 0]
					}
				},
				"neck_wool": {
					"position": {
						"1.4167": [0, 0, 0],
						"1.6667": [0, 0, 0.25],
						"1.7917": [0, 0, 0]
					}
				},
				"leg_front_right3": {
					"rotation": {
						"0.0": [0, 0, 0],
						"0.1667": [-19.44, 0, 0],
						"0.75": [25, 0, 0]
					}
				},
				"leg_front_left3": {
					"rotation": {
						"0.0": [0, 0, 0],
						"0.2083": [-15.56, 0, 0],
						"0.75": [25, 0, 0]
					}
				},
				"leg_back_right3": {
					"rotation": {
						"0.75": [0, 0, 0],
						"1.0417": [12.5, 0, 0],
						"1.25": [0, 0, 0],
						"2.2917": [0, 0, 0],
						"2.5": [12.5, 0, 0]
					}
				},
				"leg_back_left3": {
					"rotation": {
						"0.75": [0, 0, 0],
						"1.0417": [12.5, 0, 0],
						"1.25": [0, 0, 0],
						"2.2917": [0, 0, 0],
						"2.5": [17.5, 0, 0]
					}
				},
				"tail2": {
					"rotation": {
						"1.8333": [0, 0, 0],
						"2.4167": [0, 0, 0],
						"3.0": [0, 0, 0]
					}
				}
			}
		},
		"animation.rapidash_galarian.blink": {
			"animation_length": 0.16667,
			"bones": {
				"eyelid_left": {
					"position": {
						"0.0": [0, -1.5, 0],
						"0.125": [0, -1.5, 0],
						"0.1667": [0, 0, 0]
					}
				},
				"eyelid_right": {
					"position": {
						"0.0": [0, -1.5, 0],
						"0.125": [0, -1.5, 0],
						"0.1667": [0, 0, 0]
					}
				}
			}
		}
	}
}