{
	"format_version": "1.8.0",
	"animations": {
		"animation.dedenne.ground_idle": {
			"loop": true,
			"bones": {
				"body": {
					"rotation": [7.5, "Math.cos((query.anim_time+0.25) * 90 * 1.5) * 3+Math.cos((query.anim_time+0.25) * 90 * 1.5) * 3", 0],
					"position": [0, "0.25+Math.cos((query.anim_time) * 90 * 3) * 0.5", 0]
				},
				"whiskers_right": {
					"rotation": [0, 0, "Math.cos((query.anim_time+0.25) * 90 * 3) * -1"]
				},
				"whiskers_left": {
					"rotation": [0, 0, "Math.cos((query.anim_time+0.25) * 90 * 3) * 1"]
				},
				"arm_left": {
					"rotation": [125.31906, 56.46185, "136.795+Math.cos((query.anim_time+0.25) * 90 * 1.5) * 3"],
					"position": [-1.5, -0.25, -0.75]
				},
				"arm_right": {
					"rotation": [118.48327, -47.95119, "-128.1744+Math.cos((query.anim_time+0.25) * 90 * 1.5) * -3"],
					"position": [1.25, -0.24786, -0.78263]
				},
				"leg_right": {
					"rotation": ["Math.cos((query.anim_time) * 90 * 3) * 7.5", 0, 0]
				},
				"leg_left": {
					"rotation": ["Math.cos((query.anim_time) * 90 * 3) * 7.5", 0, 0]
				},
				"tail": {
					"rotation": ["-15+Math.cos((query.anim_time+0.5) * 90 * 1.5) * 3", 0, 0]
				},
				"tail2": {
					"rotation": ["37.5+Math.cos((query.anim_time+0.75) * 90 * 1.5) * 4", "Math.cos((query.anim_time+0.5) * 90 * 1.5) * 8", 0]
				},
				"tail3": {
					"rotation": ["65+Math.cos((query.anim_time) * 90 * 1.5) * 4", 0, "Math.cos((query.anim_time+0.5) * 90 * 1.5) * 8"]
				},
				"tail4": {
					"rotation": ["72.5+Math.cos((query.anim_time+0.25) * 90 * 1.5) * 6", 0, 0]
				},
				"tail5": {
					"rotation": ["-52.5+Math.cos((query.anim_time+0.5) * 90 * 1.5) * 4", 0, 0]
				},
				"tail6": {
					"rotation": ["-47.5+Math.cos((query.anim_time+0.75) * 90 * 1.5) * 6", 0, 0]
				},
				"tail7": {
					"rotation": ["-57.5+Math.cos((query.anim_time) * 90 * 1.5) * 20", 0, 0]
				},
				"tail8": {
					"rotation": ["Math.cos((query.anim_time) * 90 * 1.5) * 20", 0, 0]
				},
				"whiskers_right2": {
					"rotation": [0, 0, "15+Math.cos((query.anim_time+0.25) * 90 * 3) * -1"]
				},
				"whiskers_left2": {
					"rotation": [0, 0, "-17.5+Math.cos((query.anim_time+0.25) * 90 * 3) * 1"]
				},
				"ear_left": {
					"rotation": ["Math.cos((query.anim_time+0.5) * 90 * 3) * 5", 0, "Math.cos((query.anim_time+0.25) * 90 * 3) * 1"]
				},
				"ear_right": {
					"rotation": ["Math.cos((query.anim_time+0.25) * 90 * 3) * 5", 0, "Math.cos((query.anim_time+0.25) * 90 * 3) * -1"]
				}
			}
		},
		"animation.dedenne.ground_walk": {
			"loop": true,
			"bones": {
				"body": {
					"rotation": [70, "0+Math.cos((query.anim_time+0.25) * 90 * 3) * 3", 0],
					"position": [0, "2.75+Math.cos((query.anim_time) * 90 * 6) * 0.5", 0]
				},
				"whiskers_right": {
					"rotation": [0, "-10+Math.cos((query.anim_time+0.25) * 90 * 6) * 5", "Math.cos((query.anim_time+0.25) * 90 * 6) * -1"]
				},
				"whiskers_left": {
					"rotation": [0, "10+Math.cos((query.anim_time+0.25) * 90 * 6) * 5", "Math.cos((query.anim_time+0.25) * 90 * 6) * 1"]
				},
				"arm_left": {
					"rotation": [90, "70+Math.cos((query.anim_time) * 90 * 6) * 7.5+Math.cos((query.anim_time) * 90 * 6) * 7.5", 90],
					"position": [-1.74337, -0.107, -0.05205]
				},
				"arm_right": {
					"rotation": [-89.99997, "-100+Math.cos((query.anim_time) * 90 * 6) * 7.5+Math.cos((query.anim_time) * 90 * 6) * 7.5", 89.99997],
					"position": [1.49432, -0.12258, 0.04461]
				},
				"leg_right": {
					"rotation": ["-52.5+Math.cos((query.anim_time) * 90 * 6) * 7.5+Math.cos((query.anim_time) * 90 * 6) * 10", 0, 0],
					"position": [0, -1, -3]
				},
				"leg_left": {
					"rotation": ["-55+Math.cos((query.anim_time) * 90 * 6) * 7.5+Math.cos((query.anim_time) * 90 * 6) * 10", 0, 0],
					"position": [0, -0.75, -3.25]
				},
				"tail": {
					"rotation": ["-70.0268+Math.cos((query.anim_time+0.25) * 90 * 6) * 3", 0.84298, 0.43858]
				},
				"tail2": {
					"rotation": ["64.9476+Math.cos((query.anim_time+0.25) * 90 * 6) * 3", "-1.2014+Math.cos((query.anim_time+0.5) * 90 * 1.5) * 8", 2.91407]
				},
				"tail3": {
					"rotation": [57.62116, -0.6574, "-0.5077+Math.cos((query.anim_time+0.5) * 90 * 3) * 8"]
				},
				"tail4": {
					"rotation": ["57.7176+Math.cos((query.anim_time+0.25) * 90 * 6) * 10", -2.02037, 1.84471]
				},
				"tail5": {
					"rotation": ["-57.4139+Math.cos((query.anim_time+0.5) * 90 * 6) * 4", 0.24768, 0.87991]
				},
				"tail6": {
					"rotation": ["-37.4693+Math.cos((query.anim_time+0.25) * 90 * 6) * 20", 0.45984, -0.35293]
				},
				"tail7": {
					"rotation": ["-37.2922+Math.cos((query.anim_time+0.25) * 90 * 1.5) * 10", 2.01892, 0.63316]
				},
				"tail8": {
					"rotation": ["Math.cos((query.anim_time+0.25) * 90 * 6) * 3", -4, -3]
				},
				"whiskers_right2": {
					"rotation": [0, "-10+Math.cos((query.anim_time+0.25) * 90 * 6) * 5", "15+Math.cos((query.anim_time+0.25) * 90 * 6) * -1"]
				},
				"whiskers_left2": {
					"rotation": [0, "10+Math.cos((query.anim_time+0.25) * 90 * 6) * 5", "-17.5+Math.cos((query.anim_time+0.25) * 90 * 6) * 1"]
				},
				"ear_left": {
					"rotation": ["Math.cos((query.anim_time+0.5) * 90 * 3) * 5", 0, "Math.cos((query.anim_time+0.25) * 90 * 3) * 1"]
				},
				"ear_right": {
					"rotation": ["Math.cos((query.anim_time+0.25) * 90 * 3) * 5", 0, "Math.cos((query.anim_time+0.25) * 90 * 3) * -1"]
				},
				"head": {
					"rotation": [-52.5, 0, 0],
					"position": [0, 0, -1]
				}
			}
		},
		"animation.dedenne.blink": {
			"animation_length": 0.33333,
			"bones": {
				"eyelid_right": {
					"position": {
						"0.0": [0, 0, -1],
						"0.25": [0, 0, -1],
						"0.3333": [0, 0, 0]
					}
				},
				"eyelid_left": {
					"position": {
						"0.0": [0, 0, -1],
						"0.25": [0, 0, -1],
						"0.3333": [0, 0, 0]
					}
				}
			}
		},
		"animation.dedenne.sleep": {
			"loop": true,
			"bones": {
				"body": {
					"rotation": [81.44903, 0, -79.80825],
					"position": [0, "1.25+Math.cos((query.anim_time+0.25) * 90 * 1.5) * 0.1", 0]
				},
				"tail": {
					"rotation": [-87.61557, -0.75155, 17.48436]
				},
				"tail2": {
					"rotation": [-60.37835, -4.98093, 8.6822]
				},
				"tail3": {
					"rotation": [-55, 0, 0]
				},
				"tail4": {
					"rotation": [-57.09079, -19.09208, 26.81303]
				},
				"tail5": {
					"rotation": [-38.43653, 39.00698, -7.75635]
				},
				"tail6": {
					"rotation": [12.3826, 55.67886, 13.42286]
				},
				"tail7": {
					"rotation": [0, "67.5+Math.cos((query.anim_time+0.25) * 90 * 1.5) * 3", 0]
				},
				"tail8": {
					"rotation": [0, 72.5, 0]
				},
				"leg_left": {
					"position": [-3, 0, 0]
				},
				"arm_left": {
					"rotation": [138.9799, 75.44941, 149.37471],
					"position": [-2.5, 0, 0]
				},
				"arm_right": {
					"rotation": [158.08858, -46.50648, -168.83627],
					"position": [1.25, 0, -1]
				},
				"head": {
					"rotation": [0.38557, -12.35461, -1.9074]
				},
				"whiskers_right2": {
					"rotation": [0, "-70+Math.cos((query.anim_time+0.25) * 90 * 1.5) * 3", 0]
				},
				"whiskers_right": {
					"rotation": [0, "-72.5+Math.cos((query.anim_time+0.25) * 90 * 1.5) * 3", 0]
				},
				"whiskers_left2": {
					"rotation": [0, "32.5+Math.cos((query.anim_time+0.25) * 90 * 1.5) * -3", 0]
				},
				"whiskers_left": {
					"rotation": [0, "15+Math.cos((query.anim_time+0.25) * 90 * 1.5) * -3", 0]
				},
				"ear_right": {
					"rotation": [0, -75, 0]
				},
				"eyelid_left": {
					"position": [0, 0, -1]
				},
				"eyelid_right": {
					"position": [0, 0, -1]
				}
			}
		},
		"animation.dedenne.shoulder_left": {
			"loop": true,
			"bones": {
				"body": {
					"rotation": [7.38733, -1.29876, 9.91615],
					"position": [6, -3, 0]
				},
				"whiskers_right": {
					"rotation": [0, 0, "Math.cos((query.anim_time+0.25) * 90 * 3) * -1"]
				},
				"whiskers_left": {
					"rotation": [0, 0, "Math.cos((query.anim_time+0.25) * 90 * 3) * 1"]
				},
				"arm_left": {
					"rotation": [125.31906, 56.46185, 135],
					"position": [-1.5, -0.5, -0.75]
				},
				"arm_right": {
					"rotation": [118, -47.95119, -129],
					"position": [1.5, -0.49786, -0.78263]
				},
				"leg_right": {
					"rotation": [92.5, 0, 0]
				},
				"leg_left": {
					"rotation": [72.5, 0, 0]
				},
				"tail": {
					"rotation": ["-15+Math.cos((query.anim_time+0.5) * 90 * 1.5) * 3", 0, 0]
				},
				"tail2": {
					"rotation": ["37.5+Math.cos((query.anim_time+0.75) * 90 * 1.5) * 4", "Math.cos((query.anim_time+0.5) * 90 * 1.5) * 8", 0]
				},
				"tail3": {
					"rotation": ["65+Math.cos((query.anim_time) * 90 * 1.5) * 4", 0, "Math.cos((query.anim_time+0.5) * 90 * 1.5) * 8"]
				},
				"tail4": {
					"rotation": ["72.5+Math.cos((query.anim_time+0.25) * 90 * 1.5) * 6", 0, 0]
				},
				"tail5": {
					"rotation": ["-52.5+Math.cos((query.anim_time+0.5) * 90 * 1.5) * 4", 0, 0]
				},
				"tail6": {
					"rotation": ["-47.5+Math.cos((query.anim_time+0.75) * 90 * 1.5) * 6", 0, 0]
				},
				"tail7": {
					"rotation": ["-57.5+Math.cos((query.anim_time) * 90 * 1.5) * 20", 0, 0]
				},
				"tail8": {
					"rotation": ["Math.cos((query.anim_time) * 90 * 1.5) * 20", 0, 0]
				},
				"whiskers_right2": {
					"rotation": [0, 0, "15+Math.cos((query.anim_time+0.25) * 90 * 3) * -1"]
				},
				"whiskers_left2": {
					"rotation": [0, 0, "-17.5+Math.cos((query.anim_time+0.25) * 90 * 3) * 1"]
				},
				"ear_left": {
					"rotation": ["Math.cos((query.anim_time+0.5) * 90 * 3) * 5", 0, "Math.cos((query.anim_time+0.25) * 90 * 3) * 1"]
				},
				"ear_right": {
					"rotation": ["Math.cos((query.anim_time+0.25) * 90 * 3) * 5", 0, "Math.cos((query.anim_time+0.25) * 90 * 3) * -1"]
				},
				"bone": {
					"position": [0, 0, 0]
				},
				"head": {
					"rotation": ["Math.cos((query.anim_time+0.5) * 90 * 3) * 3", 0, 0]
				}
			}
		}
	}
}