{
	"format_version": "1.8.0",
	"animations": {
		"animation.granbull.ground_idle": {
			"loop": true,
			"bones": {
				"ear_back_right": {
					"rotation": [0, 0, "20+Math.cos((query.anim_time+0.25) * 90 * 3) * 5"]
				},
				"ear_back_left": {
					"rotation": [0, 0, "-20+Math.cos((query.anim_time+0.25) * 90 * 3) * -5"]
				},
				"ear_front_right": {
					"rotation": [0, 0, "50+Math.cos((query.anim_time+0.15) * 90 * 3) * 5"]
				},
				"ear_front_left": {
					"rotation": [0, 0, "-50+Math.cos((query.anim_time+0.15) * 90 * 3) * -5"]
				},
				"body": {
					"rotation": ["Math.cos((query.anim_time) * 90 * 3) * 0.5", 0, "Math.cos((query.anim_time) * 90 * 1) * 0.5+Math.cos((query.anim_time) * 90 * 3) * -1"],
					"position": [0, "0.25+Math.cos((query.anim_time) * 90 * 3) * 0.5", 0]
				},
				"jaw": {
					"rotation": ["27.5+Math.cos((query.anim_time+0.15) * 90 * 3) * 5", 0, 0]
				},
				"tail": {
					"rotation": ["30+Math.cos((query.anim_time+0.15) * 90 * 3) * 5", 0, 0]
				},
				"foot_right": {
					"rotation": ["5+Math.cos((query.anim_time) * 90 * 3) * 7.5", 0, 0]
				},
				"eyelid_left": {
					"position": [0, 0, 1]
				},
				"eyelid_right": {
					"position": [0, 0, 1]
				},
				"ear_right": {
					"rotation": [0, 0, "50+Math.cos((query.anim_time+0.15) * 90 * 3) * 5"]
				},
				"ear_left": {
					"rotation": [0, 0, "-50+Math.cos((query.anim_time+0.15) * 90 * 3) * -5"]
				},
				"arm_right": {
					"rotation": [0, 0, "32.5+Math.cos((query.anim_time) * 90 * 3) * 5"]
				},
				"fingers_right": {
					"rotation": [0, 0, 45]
				},
				"foot_left": {
					"rotation": ["5+Math.cos((query.anim_time) * 90 * 3) * 7.5", 0, 0]
				},
				"arm_left": {
					"rotation": [0, 0, "-30+Math.cos((query.anim_time) * 90 * 3) * -5"]
				},
				"fingers_left": {
					"rotation": [0, 0, -45]
				}
			}
		},
		"animation.granbull.ground_walk": {
			"loop": true,
			"bones": {
				"tail5": {
					"rotation": [-7.5, 0, 0]
				},
				"tail4": {
					"rotation": [0, -30, 0]
				},
				"tail3": {
					"rotation": ["Math.cos((query.anim_time+0.25) * 90 * 2) * 3", "-32.5+Math.cos((query.anim_time+0.25) * 90 * 2) * 2", 0]
				},
				"tail2": {
					"rotation": [-7.5, -70, 0]
				},
				"torso": {
					"rotation": [10, 0, 0],
					"position": [0, 0, 0]
				},
				"neck": {
					"rotation": ["Math.cos((query.anim_time) * 90 * 4) * 2", 0, "Math.cos((query.anim_time+0.25) * 90 * 2) * 2"]
				},
				"antenna_left": {
					"rotation": ["Math.cos((query.anim_time) * 90 * 4) * -2", 0, 0]
				},
				"antenna_right": {
					"rotation": ["Math.cos((query.anim_time+0.25) * 90 * 4) * -2", 0, 0]
				},
				"body": {
					"position": [0, "Math.cos((query.anim_time+0.5) * 90 * 4) * 1", 0]
				},
				"head": {
					"rotation": ["Math.cos((query.anim_time+0.25) * 90 * 4) * -2", 0, 0]
				},
				"jaw": {
					"rotation": ["27.5+Math.cos((query.anim_time+0.15) * 90 * 3) * 5", 0, 0]
				},
				"leg_right": {
					"rotation": ["Math.cos((query.anim_time+0.5) * 90 * 4) * -5", 0, 0],
					"position": [0, "Math.cos((query.anim_time) * 90 * 4) * 0.2", "Math.cos((query.anim_time+0.75) * 90 * 4) * 2"]
				},
				"tail": {
					"rotation": ["Math.cos((query.anim_time+0.15) * 90 * 3) * 5", 0, "Math.cos((query.anim_time+0.5) * 90 * 2) * 2"]
				},
				"foot_right": {
					"rotation": [-10, 0, 0]
				},
				"eyelid_left": {
					"position": [0, 0, 1]
				},
				"eyelid_right": {
					"position": [0, 0, 1]
				},
				"ear_right": {
					"rotation": [0, -17.5, "40+Math.cos((query.anim_time+0.25) * 90 * 4) * -2"]
				},
				"ear_left": {
					"rotation": [0, 17.5, "-47.5+Math.cos((query.anim_time) * 90 * 4) * -2"]
				},
				"arm_right": {
					"rotation": [0, "-25+Math.cos((query.anim_time+0.25) * 90 * 4) * -2", "22.5+Math.cos((query.anim_time+0.25) * 90 * 4) * 2"],
					"position": [0, -0.5, 0]
				},
				"fingers_right": {
					"rotation": [0, 0, 52.5]
				},
				"leg_left": {
					"rotation": ["Math.cos((query.anim_time) * 90 * 4) * -5", 0, 0],
					"position": [0, "Math.cos((query.anim_time) * 90 * 4) * 0.2", "Math.cos((query.anim_time+0.75) * 90 * 4) * -2"]
				},
				"arm_left": {
					"rotation": [0, "25+Math.cos((query.anim_time+0.25) * 90 * 4) * -2", "-22.5+Math.cos((query.anim_time+0.25) * 90 * 4) * -2"],
					"position": [0, -1.25, 0]
				},
				"fingers_left": {
					"rotation": [0, 0, -57.5]
				}
			}
		},
		"animation.granbull.blink": {
			"animation_length": 0.25,
			"bones": {
				"eyelid_left": {
					"position": {
						"0.0": [0, 0, 0],
						"0.2083": [0, 0, 0],
						"0.25": [0, 0, 1]
					}
				},
				"eyelid_right": {
					"position": {
						"0.0": [0, 0, 0],
						"0.2083": [0, 0, 0],
						"0.25": [0, 0, 1]
					}
				}
			}
		}
	}
}