{
	"format_version": "1.8.0",
	"animations": {
		"animation.cottonee.ground_idle": {
			"loop": true,
			"bones": {
				"body": {
					"rotation": [0, 0, "Math.cos((query.anim_time) * 90 * 1) * 1"],
					"position": ["Math.cos((query.anim_time) * 90 * 0.7) * 1", "3+Math.cos((query.anim_time+0.15) * 90 * 0.5) * 3", 0]
				},
				"eyelid_right": {
					"position": [0, 0, 1]
				},
				"eyelid_left": {
					"position": [0, 0, 1]
				},
				"ear_right": {
					"rotation": [0, 0, "Math.cos((query.anim_time) * 90 * 2) * 3"]
				},
				"ear_left": {
					"rotation": [0, 0, "Math.cos((query.anim_time+0.15) * 90 * 2) * -3"]
				}
			}
		},
		"animation.cottonee.air_idle": {
			"loop": true,
			"bones": {
				"body": {
					"rotation": [0, 0, "Math.cos((query.anim_time) * 90 * 1) * 1"],
					"position": ["Math.cos((query.anim_time) * 90 * 0.7) * 1", "3+Math.cos((query.anim_time+0.15) * 90 * 0.5) * 3", 0]
				},
				"ear_right": {
					"rotation": [0, 0, "Math.cos((query.anim_time) * 90 * 2) * 3"]
				},
				"ear_left": {
					"rotation": [0, 0, "Math.cos((query.anim_time+0.15) * 90 * 2) * -3"]
				},
				"eyelid_right": {
					"position": [0, 0, 1]
				},
				"eyelid_left": {
					"position": [0, 0, 1]
				}
			}
		},
		"animation.cottonee.air_fly": {
			"loop": true,
			"bones": {
				"body": {
					"rotation": ["Math.cos((query.anim_time) * 90 * 1) * 5", 0, "Math.cos((query.anim_time) * 90 * 1) * 1"],
					"position": ["Math.cos((query.anim_time) * 90 * 0.7) * 1", "3+Math.cos((query.anim_time+0.15) * 90 * 0.5) * 3", 0]
				},
				"ear_right": {
					"rotation": [0, 0, "Math.cos((query.anim_time) * 90 * 2) * 3"]
				},
				"ear_left": {
					"rotation": [0, 0, "Math.cos((query.anim_time+0.15) * 90 * 2) * -3"]
				},
				"eyelid_right": {
					"position": [0, 0, 1]
				},
				"eyelid_left": {
					"position": [0, 0, 1]
				}
			}
		},
		"animation.cottonee.blink": {
			"animation_length": 0.25,
			"bones": {
				"eyelid_right": {
					"position": {
						"0.0": [0, 0, 0],
						"0.2083": [0, 0, 0],
						"0.25": [0, 0, 1]
					}
				},
				"eyelid_left": {
					"position": {
						"0.0": [0, 0, 0],
						"0.2083": [0, 0, 0],
						"0.25": [0, 0, 1]
					}
				}
			}
		},
		"animation.cottonee.twirl": {
			"loop": true,
			"bones": {
				"body": {
					"rotation": [0, "math.sin(query.anim_time*90*0.05) * 360", 0]
				}
			}
		}
	}
}