{
  "enabled": true,
  "neededInstalledMods": [],
  "neededUninstalledMods": [],
  "spawns": [
    {
      "id": "rapidash-galar-1",
      "pokemon": "rapidash galarian",
      "presets": [
        "natural"
      ],
      "type": "pokemon",
      "context": "grounded",
      "bucket": "uncommon",
      "level": "20-41",
      "weight": 0.5,
      "condition": {
        "canSeeSky": true,
        "biomes": [
          "#cobblemon:is_grassland"
        ],
        "timeRange": "night"
      }
    },
    {
      "id": "rapidash-galar-2",
      "pokemon": "rapidash galarian",
      "presets": [
        "natural"
      ],
      "type": "pokemon",
      "context": "grounded",
      "bucket": "uncommon",
      "level": "20-41",
      "weight": 1,
      "condition": {
        "canSeeSky": true,
        "biomes": [
          "#cobblemon:is_magical"
        ]
      }
    }
  ]
}