{
  "enabled": true,
  "neededInstalledMods": [],
  "neededUninstalledMods": [],
  "spawns": [
    {
      "id": "snubbull-1",
      "pokemon": "snubbull",
      "presets": [
        "natural"
      ],
      "type": "pokemon",
      "context": "grounded",
      "bucket": "uncommon",
      "level": "1-20",
      "weight": 5,
      "condition": {
        "canSeeSky": true,
        "biomes": [
          "#cobblemon:is_grassland"
        ],
        "timeRange": "day"
      }
    },
    {
      "id": "snubbull-2",
      "pokemon": "snubbull",
      "presets": [
        "natural"
      ],
      "type": "pokemon",
      "context": "grounded",
      "bucket": "common",
      "level": "1-20",
      "weight": 3,
      "condition": {
        "canSeeSky": true,
        "biomes": [
          "#cobblemon:is_magical"
        ]
      }
    },
    {
      "id": "snubbull-3",
      "pokemon": "snubbull",
      "presets": [
        "urban"
      ],
      "type": "pokemon",
      "context": "grounded",
      "bucket": "common",
      "level": "1-20",
      "weight": 3,
"condition":{
"biomes": [
"#cobblemon:is_overworld"]

},
      "anticondition": {
        "biomes": [
          "#cobblemon:is_badlands"
        ]
      }
    }
  ]
}